{
  "products": [
    {
      "id": "sfp-1g-sx",
      "handle": "sfp-1g-sx",
      "pn": "VAO-SFP-1G-SX",
      "title": "Module SFP 1000BASE-SX 850nm",
      "platform": "SFP",
      "description": "Module optique SFP 1000BASE-SX pour réseaux Gigabit",
      "form_factor": "SFP",
      "range": "550m (MMF)",
      "rate": "1.25 Gb/s",
      "speed": "1G",
      "fiber": "Multimode",
      "application": "SX",
      "price": 25,
      "currency": "EUR",
      "dom": "Non",
      "temp": "0°C à 70°C",
      "power": "< 1.0W",
      "images": ["/images/products/sfp-1g-sx-front.jpg"],
      "compatibility": ["Cisco", "Juniper", "HPE", "Dell", "Huawei"],
      "certifications": ["CE", "RoHS"],
      "stock_status": "in_stock",
      "related_products": ["sfp-1g-lx", "sfp-10g-sr"]
    },
    {
      "id": "sfp-1g-lx",
      "handle": "sfp-1g-lx",
      "pn": "VAO-SFP-1G-LX",
      "title": "Module SFP 1000BASE-LX 1310nm",
      "platform": "SFP",
      "description": "Module optique SFP 1000BASE-LX pour liaisons longue distance",
      "form_factor": "SFP",
      "range": "10km (SMF)",
      "rate": "1.25 Gb/s",
      "speed": "1G",
      "fiber": "Monomode",
      "application": "LX",
      "price": 35,
      "currency": "EUR",
      "dom": "Non",
      "temp": "0°C à 70°C",
      "power": "< 1.0W",
      "images": ["/images/products/sfp-1g-lx-front.jpg"],
      "compatibility": ["Cisco", "Juniper", "HPE", "Dell", "Arista", "Huawei"],
      "certifications": ["CE", "RoHS"],
      "stock_status": "in_stock",
      "related_products": ["sfp-1g-sx", "sfp-1g-zx"]
    },
    {
      "id": "sfp-10g-sr",
      "handle": "sfp-10g-sr",
      "pn": "VAO-SFP-10G-SR",
      "title": "Module SFP+ 10G-SR 850nm",
      "platform": "SFP+",
      "description": "Module optique SFP+ 10GBASE-SR pour connexions courte distance",
      "form_factor": "SFP+",
      "range": "300m (OM3), 400m (OM4)",
      "rate": "10.3125 Gb/s",
      "speed": "10G",
      "fiber": "Multimode",
      "application": "SR",
      "price": 45,
      "currency": "EUR",
      "dom": "Oui",
      "temp": "0°C à 70°C",
      "power": "< 1.0W",
      "images": ["/images/products/sfp-10g-sr-front.jpg", "/images/products/sfp-10g-sr-side.jpg"],
      "compatibility": ["Cisco", "Juniper", "HPE", "Dell", "Arista", "Huawei"],
      "certifications": ["CE", "RoHS", "FCC"],
      "stock_status": "in_stock",
      "related_products": ["sfp-10g-lr", "qsfp-40g-sr4"]
    },
    {
      "id": "sfp-10g-lr",
      "handle": "sfp-10g-lr",
      "pn": "VAO-SFP-10G-LR",
      "title": "Module SFP+ 10G-LR 1310nm",
      "platform": "SFP+",
      "description": "Module optique SFP+ 10GBASE-LR pour connexions longue distance",
      "form_factor": "SFP+",
      "range": "10km (SMF)",
      "rate": "10.3125 Gb/s",
      "speed": "10G",
      "fiber": "Monomode",
      "application": "LR",
      "price": 85,
      "currency": "EUR",
      "dom": "Oui",
      "temp": "0°C à 70°C",
      "power": "< 1.0W",
      "images": ["/images/products/sfp-10g-lr-front.jpg", "/images/products/sfp-10g-lr-side.jpg"],
      "compatibility": ["Cisco", "Juniper", "HPE", "Dell", "Arista", "Huawei"],
      "certifications": ["CE", "RoHS", "FCC"],
      "stock_status": "in_stock",
      "related_products": ["sfp-10g-sr", "sfp-10g-er"]
    },
    {
      "id": "sfp-10g-zr",
      "handle": "sfp-10g-zr",
      "pn": "VAO-SFP-10G-ZR",
      "title": "Module SFP+ 10G-ZR 1550nm",
      "platform": "SFP+",
      "description": "Module optique SFP+ 10GBASE-ZR pour très longue distance",
      "form_factor": "SFP+",
      "range": "80km (SMF)",
      "rate": "10.3125 Gb/s",
      "speed": "10G",
      "fiber": "Monomode",
      "application": "ZR",
      "price": 250,
      "currency": "EUR",
      "dom": "Oui",
      "temp": "0°C à 70°C",
      "power": "< 2.0W",
      "images": ["/images/products/sfp-10g-zr-front.jpg"],
      "compatibility": ["Cisco", "Juniper", "HPE", "Arista"],
      "certifications": ["CE", "RoHS", "FCC"],
      "stock_status": "in_stock",
      "related_products": ["sfp-10g-lr", "sfp-10g-er"]
    },
    {
      "id": "sfp-25g-sr",
      "handle": "sfp-25g-sr",
      "pn": "VAO-SFP-25G-SR",
      "title": "Module SFP28 25G-SR 850nm",
      "platform": "SFP28",
      "description": "Module optique SFP28 25GBASE-SR pour nouvelles générations",
      "form_factor": "SFP28",
      "range": "100m (OM4)",
      "rate": "25.78125 Gb/s",
      "speed": "25G",
      "fiber": "Multimode",
      "application": "SR",
      "price": 95,
      "currency": "EUR",
      "dom": "Oui",
      "temp": "0°C à 70°C",
      "power": "< 1.5W",
      "images": ["/images/products/sfp-25g-sr-front.jpg"],
      "compatibility": ["Cisco", "Juniper", "HPE", "Dell", "Arista", "Mellanox"],
      "certifications": ["CE", "RoHS", "FCC"],
      "stock_status": "in_stock",
      "related_products": ["sfp-25g-lr", "qsfp-100g-sr4"]
    },
    {
      "id": "sfp-25g-lr",
      "handle": "sfp-25g-lr",
      "pn": "VAO-SFP-25G-LR",
      "title": "Module SFP28 25G-LR 1310nm",
      "platform": "SFP28",
      "description": "Module optique SFP28 25GBASE-LR longue distance",
      "form_factor": "SFP28",
      "range": "10km (SMF)",
      "rate": "25.78125 Gb/s",
      "speed": "25G",
      "fiber": "Monomode",
      "application": "LR",
      "price": 150,
      "currency": "EUR",
      "dom": "Oui",
      "temp": "0°C à 70°C",
      "power": "< 1.5W",
      "images": ["/images/products/sfp-25g-lr-front.jpg"],
      "compatibility": ["Cisco", "Juniper", "HPE", "Dell", "Arista", "Mellanox"],
      "certifications": ["CE", "RoHS", "FCC"],
      "stock_status": "in_stock",
      "related_products": ["sfp-25g-sr", "sfp-25g-er"]
    },
    {
      "id": "qsfp-40g-sr4",
      "handle": "qsfp-40g-sr4",
      "pn": "VAO-QSFP-40G-SR4",
      "title": "Module QSFP+ 40G-SR4 850nm",
      "platform": "QSFP+",
      "description": "Module optique QSFP+ 40GBASE-SR4 parallèle multimode",
      "form_factor": "QSFP+",
      "range": "150m (OM4)",
      "rate": "41.25 Gb/s",
      "speed": "40G",
      "fiber": "Multimode",
      "application": "SR4",
      "price": 120,
      "currency": "EUR",
      "dom": "Oui",
      "temp": "0°C à 70°C",
      "power": "< 3.5W",
      "images": ["/images/products/qsfp-40g-sr4-front.jpg"],
      "compatibility": ["Cisco", "Juniper", "HPE", "Dell", "Arista", "Huawei"],
      "certifications": ["CE", "RoHS", "FCC"],
      "stock_status": "in_stock",
      "related_products": ["qsfp-40g-lr4", "qsfp-100g-sr4"]
    },
    {
      "id": "qsfp-40g-lr4",
      "handle": "qsfp-40g-lr4",
      "pn": "VAO-QSFP-40G-LR4",
      "title": "Module QSFP+ 40G-LR4 1310nm",
      "platform": "QSFP+",
      "description": "Module optique QSFP+ 40GBASE-LR4 longue distance",
      "form_factor": "QSFP+",
      "range": "10km (SMF)",
      "rate": "41.25 Gb/s",
      "speed": "40G",
      "fiber": "Monomode",
      "application": "LR4",
      "price": 280,
      "currency": "EUR",
      "dom": "Oui",
      "temp": "0°C à 70°C",
      "power": "< 3.5W",
      "images": ["/images/products/qsfp-40g-lr4-front.jpg"],
      "compatibility": ["Cisco", "Juniper", "HPE", "Dell", "Arista", "Huawei"],
      "certifications": ["CE", "RoHS", "FCC"],
      "stock_status": "in_stock",
      "related_products": ["qsfp-40g-sr4", "qsfp-100g-lr4"]
    },
    {
      "id": "qsfp-100g-sr4",
      "handle": "qsfp-100g-sr4",
      "pn": "VAO-QSFP-100G-SR4",
      "title": "Module QSFP28 100G-SR4 850nm",
      "platform": "QSFP28",
      "description": "Module optique QSFP28 100GBASE-SR4 pour connexions courte distance",
      "form_factor": "QSFP28",
      "range": "100m (OM4)",
      "rate": "103.125 Gb/s",
      "speed": "100G",
      "fiber": "Multimode",
      "application": "SR4",
      "price": 180,
      "currency": "EUR",
      "dom": "Oui",
      "temp": "0°C à 70°C",
      "power": "< 3.5W",
      "images": ["/images/products/qsfp-100g-sr4-front.jpg"],
      "compatibility": ["Cisco", "Juniper", "HPE", "Dell", "Arista", "Mellanox"],
      "certifications": ["CE", "RoHS", "FCC"],
      "stock_status": "in_stock",
      "related_products": ["qsfp-100g-lr4", "qsfp-40g-sr4"]
    },
    {
      "id": "qsfp-100g-lr4",
      "handle": "qsfp-100g-lr4",
      "pn": "VAO-QSFP-100G-LR4",
      "title": "Module QSFP28 100G-LR4 1310nm",
      "platform": "QSFP28",
      "description": "Module optique QSFP28 100GBASE-LR4 pour liaisons longue distance",
      "form_factor": "QSFP28",
      "range": "10km (SMF)",
      "rate": "103.125 Gb/s",
      "speed": "100G",
      "fiber": "Monomode",
      "application": "LR4",
      "price": 450,
      "currency": "EUR",
      "dom": "Oui",
      "temp": "0°C à 70°C",
      "power": "< 3.5W",
      "images": ["/images/products/qsfp-100g-lr4-front.jpg", "/images/products/qsfp-100g-lr4-side.jpg"],
      "compatibility": ["Cisco", "Juniper", "HPE", "Dell", "Arista", "Huawei", "Mellanox"],
      "certifications": ["CE", "RoHS", "FCC"],
      "stock_status": "in_stock",
      "related_products": ["qsfp-100g-sr4", "qsfp-dd-400g-fr4"]
    },
    {
      "id": "qsfp-100g-psm4",
      "handle": "qsfp-100g-psm4",
      "pn": "VAO-QSFP-100G-PSM4",
      "title": "Module QSFP28 100G-PSM4 1310nm",
      "platform": "QSFP28",
      "description": "Module optique QSFP28 100G-PSM4 parallèle monomode",
      "form_factor": "QSFP28",
      "range": "500m (SMF)",
      "rate": "103.125 Gb/s",
      "speed": "100G",
      "fiber": "Monomode",
      "application": "PSM4",
      "price": 320,
      "currency": "EUR",
      "dom": "Oui",
      "temp": "0°C à 70°C",
      "power": "< 3.5W",
      "images": ["/images/products/qsfp-100g-psm4-front.jpg"],
      "compatibility": ["Cisco", "Juniper", "HPE", "Dell", "Arista"],
      "certifications": ["CE", "RoHS", "FCC"],
      "stock_status": "in_stock",
      "related_products": ["qsfp-100g-lr4", "qsfp-100g-sr4"]
    },
    {
      "id": "qsfp-dd-400g-sr8",
      "handle": "qsfp-dd-400g-sr8",
      "pn": "VAO-QSFP-DD-400G-SR8",
      "title": "Module QSFP-DD 400G-SR8 850nm",
      "platform": "QSFP-DD",
      "description": "Module optique QSFP-DD 400GBASE-SR8 nouvelle génération courte distance",
      "form_factor": "QSFP-DD",
      "range": "100m (OM4)",
      "rate": "425.6 Gb/s",
      "speed": "400G",
      "fiber": "Multimode",
      "application": "SR8",
      "price": 850,
      "currency": "EUR",
      "dom": "Oui",
      "temp": "0°C à 70°C",
      "power": "< 12W",
      "images": ["/images/products/qsfp-dd-400g-sr8-front.jpg"],
      "compatibility": ["Cisco", "Juniper", "HPE", "Arista", "Mellanox"],
      "certifications": ["CE", "RoHS", "FCC"],
      "stock_status": "in_stock",
      "related_products": ["qsfp-dd-400g-fr4", "qsfp-dd-400g-lr4"]
    },
    {
      "id": "qsfp-dd-400g-fr4",
      "handle": "qsfp-dd-400g-fr4",
      "pn": "VAO-QSFP-DD-400G-FR4",
      "title": "Module QSFP-DD 400G-FR4 1310nm",
      "platform": "QSFP-DD",
      "description": "Module optique QSFP-DD 400GBASE-FR4 nouvelle génération",
      "form_factor": "QSFP-DD",
      "range": "2km (SMF)",
      "rate": "425.6 Gb/s",
      "speed": "400G",
      "fiber": "Monomode",
      "application": "FR4",
      "price": 1200,
      "currency": "EUR",
      "dom": "Oui",
      "temp": "0°C à 70°C",
      "power": "< 12W",
      "images": ["/images/products/qsfp-dd-400g-fr4-front.jpg", "/images/products/qsfp-dd-400g-fr4-side.jpg"],
      "compatibility": ["Cisco", "Juniper", "HPE", "Arista", "Mellanox"],
      "certifications": ["CE", "RoHS", "FCC"],
      "stock_status": "in_stock",
      "related_products": ["qsfp-100g-lr4", "qsfp-dd-400g-dr4"]
    },
    {
      "id": "qsfp-dd-400g-lr4",
      "handle": "qsfp-dd-400g-lr4",
      "pn": "VAO-QSFP-DD-400G-LR4",
      "title": "Module QSFP-DD 400G-LR4 1310nm",
      "platform": "QSFP-DD",
      "description": "Module optique QSFP-DD 400GBASE-LR4 longue distance",
      "form_factor": "QSFP-DD",
      "range": "10km (SMF)",
      "rate": "425.6 Gb/s",
      "speed": "400G",
      "fiber": "Monomode",
      "application": "LR4",
      "price": 1800,
      "currency": "EUR",
      "dom": "Oui",
      "temp": "0°C à 70°C",
      "power": "< 12W",
      "images": ["/images/products/qsfp-dd-400g-lr4-front.jpg"],
      "compatibility": ["Cisco", "Juniper", "HPE", "Arista"],
      "certifications": ["CE", "RoHS", "FCC"],
      "stock_status": "in_stock",
      "related_products": ["qsfp-dd-400g-fr4", "qsfp-dd-400g-sr8"]
    }
  ],
  "filters": {
    "speeds": ["1G", "10G", "25G", "40G", "100G", "400G"],
    "form_factors": ["SFP", "SFP+", "SFP28", "QSFP+", "QSFP28", "QSFP-DD"],
    "applications": ["SX", "LX", "SR", "LR", "ZR", "ER", "SR4", "LR4", "FR4", "PSM4", "SR8"],
    "compatibility": ["Cisco", "Juniper", "HPE", "Dell", "Arista", "Huawei", "Mellanox"],
    "fiber_types": ["Multimode", "Monomode"]
  },
  "brands": [
    { "name": "Cisco", "logo": "/images/brands/cisco.svg" },
    { "name": "Juniper", "logo": "/images/brands/juniper.svg" },
    { "name": "HPE", "logo": "/images/brands/hpe.svg" },
    { "name": "Dell", "logo": "/images/brands/dell.svg" },
    { "name": "Arista", "logo": "/images/brands/arista.svg" },
    { "name": "Huawei", "logo": "/images/brands/huawei.svg" },
    { "name": "Mellanox", "logo": "/images/brands/mellanox.svg" }
  ],
  "categories": [
    { "id": "sfp", "name": "SFP", "description": "Modules SFP 1 Gigabit" },
    { "id": "sfp-plus", "name": "SFP+", "description": "Modules SFP+ 10 Gigabit" },
    { "id": "sfp28", "name": "SFP28", "description": "Modules SFP28 25 Gigabit" },
    { "id": "qsfp", "name": "QSFP/QSFP28", "description": "Modules QSFP 40G et 100G" },
    { "id": "qsfp-dd", "name": "QSFP-DD", "description": "Modules QSFP-DD 400G+" }
  ]
}